dataset,model,noise_config,method,adjust_pred_probs,auroc,lift_at_1000,lift_at_2000,lift_at_3000,lift_at_4000,lift_at_5000,lift_at_6000,lift_at_7000,lift_at_8000,lift_at_9000,lift_at_10000
cifar10,resnet18,Noise Amount: 0.2 | Sparsity: 0.4,self_confidence,False,0.8949447007032694,6.754032258064517,4.223790322580645,2.9838709677419355,2.303427419354839,1.8911290322580645,1.599462365591398,1.3796082949308754,1.2147177419354838,1.0976702508960574,1.0
cifar10,resnet18,Noise Amount: 0.2 | Sparsity: 0.4,self_confidence,True,0.8968479740279135,6.83467741935484,4.233870967741935,2.9838709677419355,2.313508064516129,1.8830645161290323,1.599462365591398,1.3767281105990783,1.2147177419354838,1.1021505376344087,1.0
cifar10,resnet18,Noise Amount: 0.2 | Sparsity: 0.4,normalized_margin,False,0.9050049809248397,6.895161290322582,4.36491935483871,3.051075268817204,2.34375,1.9112903225806452,1.6095430107526885,1.3824884792626728,1.2222782258064515,1.0976702508960574,1.0
cifar10,resnet18,Noise Amount: 0.2 | Sparsity: 0.4,normalized_margin,True,0.9071193283642881,7.096774193548387,4.36491935483871,3.030913978494624,2.3286290322580645,1.899193548387097,1.599462365591398,1.3767281105990783,1.2273185483870968,1.1021505376344087,1.0
cifar10,resnet18,Noise Amount: 0.2 | Sparsity: 0.4,confidence_weighted_entropy,False,0.8839805141468448,6.512096774193549,4.122983870967742,2.9301075268817205,2.278225806451613,1.875,1.586021505376344,1.370967741935484,1.2147177419354838,1.0954301075268817,1.0
