dataset,model,noise_config,method,adjust_pred_probs,auroc,lift_at_1000,lift_at_2000,lift_at_3000,lift_at_4000,lift_at_5000,lift_at_6000,lift_at_7000,lift_at_8000,lift_at_9000,lift_at_10000
cifar10,resnet18,Noise Amount: 0.2 | Sparsity: 0.4,self_confidence,False,0.7724578189131929,2.470791864993509,2.1311120726958026,1.8361459685561805,1.6713543920380787,1.5915188230203376,1.5231501514495889,1.3970451876120418,1.2397230636088272,1.1087071493821818,1.0
cifar10,resnet18,Noise Amount: 0.2 | Sparsity: 0.4,self_confidence,True,0.6975822710645717,2.4881003894418,1.9385547382085677,1.768354247800375,1.5848117697966249,1.4279532669839896,1.3024664647338815,1.2270507510663289,1.1331674599740373,1.045242559738449,1.0
cifar10,resnet18,Noise Amount: 0.2 | Sparsity: 0.4,normalized_margin,False,0.808249451201706,2.4621376027693636,2.213327563825184,2.084234818981682,1.8887927304197316,1.7308524448290785,1.5721909707197461,1.4007541571366755,1.2391821722198182,1.1096687340737534,1.0
cifar10,resnet18,Noise Amount: 0.2 | Sparsity: 0.4,normalized_margin,True,0.7993549428764105,2.4318476849848554,2.1873647771527476,2.072695802682821,1.928818693206404,1.722198182604933,1.5303620366363768,1.3593373307782655,1.2202509736045002,1.0966873407375355,1.0
cifar10,resnet18,Noise Amount: 0.2 | Sparsity: 0.4,confidence_weighted_entropy,False,0.7475208757766705,2.470791864993509,2.10298572046733,1.7784508870618778,1.598874945910861,1.4530506274340111,1.4279532669839896,1.3797366631637509,1.2391821722198182,1.108226357036396,1.0
